Şehir,İlçe Adı,Tarih,Başlangıç Tarih - Saati,Bitiş Tarih - Saati,Bölgeler(Semt-Mahalle),Latitude,Longitude
ADIYAMAN,Adıyaman Merkez,04.10.2026,2026-10-04 09:00:00,2026-10-04 12:00:00,"* Hasankendi Mahallesi bir kismi.,",,
BALIKESIR,Gömeç,04.10.2026,2026-10-04 16:30:00,2026-10-04 18:00:00,GÖNEN,,
BALIKESIR,Edremit,04.10.2026,2026-10-04 10:00:00,2026-10-04 14:00:00,EDREMİT,,
BALIKESIR,Gömeç,04.10.2026,2026-10-04 09:30:00,2026-10-04 11:30:00,GÖNEN,,
BALIKESIR,Gömeç,04.10.2026,2026-10-04 17:20:00,2026-10-04 18:30:00,GÖNEN,,
BALIKESIR,Manyas,04.10.2026,2026-10-04 13:30:00,2026-10-04 14:30:00,MANYAS,,
BALIKESIR,Erdek,04.10.2026,2026-10-04 16:00:00,2026-10-04 18:00:00,ERDEK,,
BALIKESIR,Balıkesir Merkez,04.10.2026,2026-10-04 23:30:00,2026-10-05 00:30:00,ALTIEYLÜL,,
BALIKESIR,Gömeç,04.10.2026,2026-10-04 13:30:00,2026-10-04 15:30:00,GÖNEN,,
BALIKESIR,Balıkesir Merkez,04.10.2026,2026-10-04 23:30:00,2026-10-05 00:30:00,ALTIEYLÜL,,
BALIKESIR,Balıkesir Merkez,04.10.2026,2026-10-04 09:30:00,2026-10-04 14:00:00,KARESİ,,
BOLU,Mudurnu,04.10.2026,2026-10-04 09:00:00,2026-10-04 12:00:00, SALMANLAR MAH.,,
BOLU,Bolu Merkez,04.10.2026,2026-10-04 08:30:00,2026-10-04 09:30:00, ALPAGUTBEY KÖYÜ ALPAGUTBEY MAH. ALPAĞUT MAH. ALPAĞUTBEY KÖYÜ ALPAĞUTBEY MAH. BESKAVAKLAR KÖYÜ BESKAVAKLAR MAH. BEŞKAVAKLAR KÖYÜ BEŞKAVAKLAR MAH. IZZET BAYSAL KILIÇARSLAN MAH. KÜLTÜR KÖYÜ KÜLTÜR MAH. SAGLIK KÖYÜ SALIBEYLER KÖYÜ SALIBEYLER MAH. SAĞLIK KÖYÜ,,
BOLU,Mudurnu,04.10.2026,2026-10-04 13:00:00,2026-10-04 16:00:00, KARACAKAYA MAH.,,
BOLU,Mengen,04.10.2026,2026-10-04 09:30:00,2026-10-04 17:30:00, ASAGI KARSI ASAGI KÖYÜ ASIKOGLU KÖYÜ AŞAĞI KÖYÜ AŞIKOĞLU KÖYÜ BARAKLAR KÖYÜ BAŞYELLİCE KÖYÜ CAZLAR KÖYÜ DEGIRMENYANI MAH. DEMİRCİLER KÖYÜ DEMİRCİLER MAH. DERE KÖYÜ DEREKÖY MAH. DEĞİRMENYANI KÖYÜ DEĞİRMENYANI MAH. GEBESOGLU KÖYÜ GEBEŞOĞLU KÖYÜ GERIS KÖYÜ,,
BOLU,Yeniçağa,04.10.2026,2026-10-04 09:30:00,2026-10-04 17:30:00, BEŞLER KÖYÜ BEŞLER MAH. KARATAS KÖYÜ KARATAŞ KÖYÜ KERTİL KÖYÜ MERKEZ KÖYÜ SAGIRKAYA KÖYÜ SAĞIRKAYA KÖYÜ YUMRUTAŞ KÖYÜ ÇENGELLER KÖYÜ,,
BOLU,Mengen,04.10.2026,2026-10-04 09:30:00,2026-10-04 17:30:00, AHMETOGLU KÖYÜ AHMETOĞLU KÖYÜ ALIÇELEBILER KÖYÜ ALİBEYLER KÖYÜ ALİÇELEBİLER KÖYÜ ARAK KÖYÜ ARSLANLAR KÖYÜ ASAGI KÖYÜ BANAZ KÖYÜ BANAZ MAH. BAYRAMBEYLER KÖYÜ BÜRNÜK KÖYÜ DAYIOĞLU MAH. DELIAHMETLER KÖYÜ DELİAHMETLER KÖYÜ DEMIRCILER KÖYÜ DEMİRCİLER KÖYÜ DOG,,
BOLU,Gerede,04.10.2026,2026-10-04 09:30:00,2026-10-04 17:30:00, BEŞLER MAH. KERTİL KÖYÜ,,
BOLU,Gerede,04.10.2026,2026-10-04 09:30:00,2026-10-04 13:00:00, BURGUCU KÖYÜ,,
BOLU,Gerede,04.10.2026,2026-10-04 14:00:00,2026-10-04 16:00:00, AVCILAR KÖYÜ MERKEZ KÖYÜ YUKARIÖRENBAŞI KÖYÜ,,
BOLU,Yeniçağa,04.10.2026,2026-10-04 10:00:00,2026-10-04 18:00:00, MERKEZ KÖYÜ MERKEZ MAH. YUKARIKULDAN KÖYÜ YUKARIKULDAN MAH.,,
BURSA,Gürsu,04.10.2026,2026-10-04 10:00:00,2026-10-04 11:00:00,GÜRSU,,
BURSA,Nilüfer,04.10.2026,2026-10-04 13:00:00,2026-10-04 17:30:00,NİLÜFER,,
BURSA,Nilüfer,04.10.2026,2026-10-04 10:00:00,2026-10-04 16:00:00,NİLÜFER,,
BURSA,Gemlik,04.10.2026,2026-10-04 13:00:00,2026-10-04 15:30:00,GEMLİK,,
BURSA,Nilüfer,04.10.2026,2026-10-04 09:00:00,2026-10-04 14:00:00,NİLÜFER,,
BURSA,Nilüfer,04.10.2026,2026-10-04 14:30:00,2026-10-04 17:30:00,NİLÜFER,,
BURSA,Nilüfer,04.10.2026,2026-10-04 09:00:00,2026-10-04 17:00:00,NİLÜFER,,
BURSA,Yıldırım,04.10.2026,2026-10-04 10:00:00,2026-10-04 13:00:00,YILDIRIM,,
BURSA,Yıldırım,04.10.2026,2026-10-04 11:00:00,2026-10-04 13:00:00,YILDIRIM,,
BURSA,İnegöl,04.10.2026,2026-10-04 09:00:00,2026-10-04 11:00:00,İNEGÖL,,
BURSA,Kestel,04.10.2026,2026-10-04 09:00:00,2026-10-04 12:30:00,KESTEL,,
BURSA,Yıldırım,04.10.2026,2026-10-04 09:30:00,2026-10-04 14:00:00,YILDIRIM,,
BURSA,Nilüfer,04.10.2026,2026-10-04 11:00:00,2026-10-04 12:00:00,NİLÜFER,,
BURSA,Gemlik,04.10.2026,2026-10-04 09:00:00,2026-10-04 12:00:00,GEMLİK,,
BURSA,İnegöl,04.10.2026,2026-10-04 09:00:00,2026-10-04 11:00:00,İNEGÖL,,
BURSA,Nilüfer,04.10.2026,2026-10-04 13:00:00,2026-10-04 17:00:00,NİLÜFER,,
BURSA,Nilüfer,04.10.2026,2026-10-04 10:00:00,2026-10-04 14:00:00,NİLÜFER,,
BURSA,Osmangazi,04.10.2026,2026-10-04 09:00:00,2026-10-04 13:00:00,OSMANGAZİ,,
BURSA,Nilüfer,04.10.2026,2026-10-04 10:00:00,2026-10-04 16:00:00,NİLÜFER,,
BURSA,Yıldırım,04.10.2026,2026-10-04 13:30:00,2026-10-04 17:30:00,YILDIRIM,,
BURSA,Yıldırım,04.10.2026,2026-10-04 09:00:00,2026-10-04 14:00:00,YILDIRIM,,
BURSA,Nilüfer,04.10.2026,2026-10-04 09:00:00,2026-10-04 11:00:00,NİLÜFER,,
BURSA,Nilüfer,04.10.2026,2026-10-04 09:00:00,2026-10-04 10:00:00,NİLÜFER,,
BURSA,İnegöl,04.10.2026,2026-10-04 13:00:00,2026-10-04 15:00:00,İNEGÖL,,
BURSA,Nilüfer,04.10.2026,2026-10-04 09:00:00,2026-10-04 17:00:00,NİLÜFER,,
BURSA,Yıldırım,04.10.2026,2026-10-04 11:00:00,2026-10-04 12:00:00,YILDIRIM,,
BURSA,Nilüfer,04.10.2026,2026-10-04 09:00:00,2026-10-04 13:00:00,NİLÜFER,,
BURSA,İnegöl,04.10.2026,2026-10-04 01:00:00,2026-10-04 03:00:00,İNEGÖL,,
BURSA,Nilüfer,04.10.2026,2026-10-04 13:00:00,2026-10-04 14:00:00,NİLÜFER,,
CANAKKALE,Biga,04.10.2026,2026-10-04 12:00:00,2026-10-04 13:00:00,BİGA,,
CANAKKALE,Lapseki,04.10.2026,2026-10-04 09:30:00,2026-10-04 11:00:00,LAPSEKİ,,
CANAKKALE,Ezine,04.10.2026,2026-10-04 15:00:00,2026-10-04 16:00:00,EZİNE,,
CANAKKALE,Lapseki,04.10.2026,2026-10-04 13:00:00,2026-10-04 14:30:00,LAPSEKİ,,
CANAKKALE,Lapseki,04.10.2026,2026-10-04 11:00:00,2026-10-04 12:00:00,LAPSEKİ,,
CANAKKALE,Yenice,04.10.2026,2026-10-04 13:00:00,2026-10-04 15:00:00,YENİCE,,
CANAKKALE,Biga,04.10.2026,2026-10-04 01:00:00,2026-10-04 02:30:00,BİGA,,
CANAKKALE,Biga,04.10.2026,2026-10-04 10:00:00,2026-10-04 11:00:00,BİGA,,
CANAKKALE,Biga,04.10.2026,2026-10-04 17:30:00,2026-10-04 18:30:00,BİGA,,
DÜZCE,Düzce Merkez,04.10.2026,2026-10-04 02:00:00,2026-10-04 03:00:00, ARAPÇIFTLIGI KÖYÜ ARAPÇIFTLIGI MAH. ARAPÇİFTLİĞİ MAH. SARAYYERI KÖYÜ SARAYYERI MAH. SARAYYERİ KÖYÜ SARAYYERİ MAH.,,
DÜZCE,Düzce Merkez,04.10.2026,2026-10-04 09:00:00,2026-10-04 12:00:00, AKSU MAH. HASANLAR KÖYÜ HECINLER KÖYÜ HECİNLER KÖYÜ KÖYÜN KENDISI,,
DÜZCE,Akçakoca,04.10.2026,2026-10-04 13:00:00,2026-10-04 15:30:00, OSMANIYE KÖYÜ OSMANIYE MAH. OSMANİYE KÖYÜ OSMANİYE MAH.,,
DÜZCE,Düzce Merkez,04.10.2026,2026-10-04 02:00:00,2026-10-04 03:30:00, KÖYÜN KENDISI SANCAKDERE KÖYÜ YESILKÖY MAH. YEŞİLKÖY KÖYÜ YEŞİLKÖY MAH.,,
DÜZCE,Çilimli,04.10.2026,2026-10-04 09:00:00,2026-10-04 14:00:00, FATIH MAH. FATİH MAH. MERKEZ MAH.,,
DÜZCE,Çilimli,04.10.2026,2026-10-04 06:00:00,2026-10-04 07:30:00, ALACAMESCİT KÖYÜ DIKMELI MÜCAVIR DİKMELİ KÖYÜ DİKMELİ MÜCAVİR MAMURE KÖYÜ MERKEZ KÖYÜ MERKEZ MAH. TAŞKÖPRÜ KÖYÜ TOPÇULAR KÖYÜ TOPÇULAR MAH. YAMALI KÖYÜ ÇIÇEK KÖYÜ ÇİÇEK KÖYÜ,,
DÜZCE,Akçakoca,04.10.2026,2026-10-04 09:00:00,2026-10-04 15:00:00, ARABACI KÖYÜ KÖYÜN KENDISI,,
DÜZCE,Yığılca,04.10.2026,2026-10-04 09:00:00,2026-10-04 17:00:00, AŞAĞI KÖYÜ,,
DÜZCE,Düzce Merkez,04.10.2026,2026-10-04 02:00:00,2026-10-04 03:00:00, AKINLAR KÖYÜ ARAPÇIFTLIGI KÖYÜ ARAPÇİFTLİĞİ KÖYÜ SARAYYERI KÖYÜ SARAYYERİ KÖYÜ,,
DÜZCE,Düzce Merkez,04.10.2026,2026-10-04 09:00:00,2026-10-04 12:00:00, BALLICA KÖYÜ GÖLORMANI KÖYÜ HECINLER KÖYÜ KONAKLI KÖYÜ KÖYÜN KENDISI KÜRT KÖYÜ MERKEZ KÖYÜ YENİ KARAKÖY,,
IZMIR,Kiraz,04.10.2026,2026-10-04 09:40:00,2026-10-04 10:40:00,"Örencik, Mavidere, Olgunlar, Sırımlı, Mersinlidere",,
IZMIR,Bergama,04.10.2026,2026-10-04 13:30:00,2026-10-04 17:00:00,Zeytindağ,,
IZMIR,Bayraklı,04.10.2026,2026-10-04 22:00:00,2026-10-04 22:15:00,Adalet,,
IZMIR,Bayraklı,04.10.2026,2026-10-04 22:15:00,2026-10-04 22:30:00,"Çay, Tepekule, Çiçek, Osmangazi",,
IZMIR,Bayraklı,04.10.2026,2026-10-04 22:15:00,2026-10-04 22:30:00,"R. Şevket İnce, Osmangazi, Çay, Muhittin Erener, Atatürk",,
IZMIR,Bayraklı,04.10.2026,2026-10-04 22:45:00,2026-10-04 23:00:00,"Fuat Edip Baksı, Bayraklı, Adalet",,
IZMIR,Bayraklı,04.10.2026,2026-10-04 22:30:00,2026-10-04 22:45:00,"Fuat Edip Baksı, Bayraklı, Çiçek, Cengizhan, Alpaslan, Turan, 75. Yıl",,
IZMIR,Kiraz,04.10.2026,2026-10-04 09:40:00,2026-10-04 17:40:00,Örencik,,
IZMIR,Bergama,04.10.2026,2026-10-04 09:00:00,2026-10-04 13:00:00,Zeytindağ,,
IZMIR,Bayraklı,04.10.2026,2026-10-04 23:15:00,2026-10-04 23:30:00,"Tepekule, Çay, Osmangazi, Adalet",,
IZMIR,Bayraklı,04.10.2026,2026-10-04 23:00:00,2026-10-04 23:15:00,"Atatürk, İnönü, Laka, Evka 4",,
IZMIR,Kiraz,04.10.2026,2026-10-04 17:15:00,2026-10-04 18:15:00,"Örencik, Mavidere, Olgunlar, Sırımlı, Mersinlidere",,
IZMIR,Kiraz,04.10.2026,2026-10-04 10:15:00,2026-10-04 18:15:00,Örencik,,
KAHRAMANMARAS,Afşin,04.10.2026,2026-10-04 09:30:00,2026-10-04 14:30:00,ERCENE MAH.,,
KAHRAMANMARAS,Pazarcık,04.10.2026,2026-10-04 12:00:00,2026-10-04 16:00:00,* Kelles Mahallesi ve Hat Uzerinde Bulun,,
KAHRAMANMARAS,Göksun,04.10.2026,2026-10-04 10:00:00,2026-10-04 17:00:00,* Tasoluk ve Findiklikoyak Mahallelerini,,
KAHRAMANMARAS,Pazarcık,04.10.2026,2026-10-04 09:00:00,2026-10-04 11:00:00,* Cimikanli Mahallesi ve Hat Uzerinde Bu,,
KAHRAMANMARAS,Elbistan,04.10.2026,2026-10-04 10:00:00,2026-10-04 12:00:00,* Orhangazi ve Cumhuriyet Mahallelerinin,,
KAHRAMANMARAS,Afşin,04.10.2026,2026-10-04 09:00:00,2026-10-04 17:00:00,EFSUSTURAN MH. DSI,,
KAHRAMANMARAS,Nurhak,04.10.2026,2026-10-04 10:00:00,2026-10-04 14:00:00,* Umutlu ve Gursel Mahallelerinin bir ki,,
KAHRAMANMARAS,Afşin,04.10.2026,2026-10-04 09:00:00,2026-10-04 17:00:00,"* FEN LISESI,MYO UNIVERSITE,AFSINBEY MH.",,
KAHRAMANMARAS,Elbistan,04.10.2026,2026-10-04 09:00:00,2026-10-04 17:00:00,"* Igde Mahallesinin bir kisimlari,",,
KAHRAMANMARAS,Göksun,04.10.2026,2026-10-04 09:00:00,2026-10-04 10:00:00,"* Cumhuriyet, Kopurbasi, Kirec, Tasoluk,",,
KOCAELI,Gebze,04.10.2026,2026-10-04 09:30:00,2026-10-04 17:00:00, PELITLI KÖYÜ PELİTLİ KÖYÜ,,
KOCAELI,Çayırova,04.10.2026,2026-10-04 10:00:00,2026-10-04 13:00:00, SEKERPINAR KÖYÜ,,
KOCAELI,Gebze,04.10.2026,2026-10-04 09:30:00,2026-10-04 17:00:00, PELITLI KÖYÜ PELITLI MAH. PELİTLİ MAH.,,
KOCAELI,Dilovası,04.10.2026,2026-10-04 09:00:00,2026-10-04 17:00:00, KÖSELER KÖYÜ ORGANIZE,,
KOCAELI,Gebze,04.10.2026,2026-10-04 09:00:00,2026-10-04 17:00:00, KIRAZPINAR MAH. PELİTLİ MAH. TAVSANLI MAH. TAVŞANLI MAH.,,
KOCAELI,Çayırova,04.10.2026,2026-10-04 10:00:00,2026-10-04 13:00:00, SEKERPINAR KÖYÜ ŞEKERPINAR KÖYÜ,,
KOCAELI,Gebze,04.10.2026,2026-10-04 09:30:00,2026-10-04 15:00:00, DENIZLI KÖYÜ DENIZLI MAH. DENİZLİ MAH. ORGANIZE,,
KOCAELI,Gebze,04.10.2026,2026-10-04 09:00:00,2026-10-04 17:00:00, TAVSANLI KÖYÜ TAVŞANLI KÖYÜ,,
KOCAELI,Çayırova,04.10.2026,2026-10-04 09:00:00,2026-10-04 15:00:00, AKSE KÖYÜ ŞEKERPINAR MAH.,,
KOCAELI,İzmit,04.10.2026,2026-10-04 09:00:00,2026-10-04 14:00:00, SANAYI KÖYÜ SANAYI MAH. SANAYİ MAH.,,
MANISA,Sarıgöl,04.10.2026,2026-10-04 09:00:00,2026-10-04 12:00:00,"Aşağı Koçaklar, Emcelli, Bahadırlar, Baharlar",,
MANISA,Demirci,04.10.2026,2026-10-04 09:00:00,2026-10-04 15:00:00,"Kargınışıklar, Minnetler, Küpeler, Kayaköy, İrişler, Çamköy",,
MANISA,Soma,04.10.2026,2026-10-04 09:00:00,2026-10-04 12:00:00,"Küçükyaya, Sarıağa, Eğnez, Şair Eşref, Dualar, Koyundere, Yırca, Darkale, Kum, Adil, Beyce, Musahoca, Heciz, Öveçli, Hürriyet, Karacakaş, Zafer, Karacahisar, Hatun, Çiftlik, Sevişler, Kızılören, Cumhuriyet, Bayat, Karakurt, Turgutalp, Çavdır, Göktaş, Arpaseki, Sarıkaya, Büyük Işıklar, Samsacı, İstasyon",,
MANISA,Soma,04.10.2026,2026-10-04 09:00:00,2026-10-04 12:00:00,"Eğnez, Dereköy, Kozanlı, Taştepe, Arpaseki, Hacıyusuf, Turgutalp",,
MANISA,Kula,04.10.2026,2026-10-04 14:00:00,2026-10-04 17:30:00,Zaferiye,,
MANISA,Salihli,04.10.2026,2026-10-04 10:00:00,2026-10-04 12:00:00,Çapaklı,,
MANISA,Şehzadeler,04.10.2026,2026-10-04 09:00:00,2026-10-04 15:00:00,"2. Anafartalar, Kazım Karabekir, Ahmet Bedevi",,
SAKARYA,Söğütlü,04.10.2026,2026-10-04 09:00:00,2026-10-04 17:00:00, KURUDIL KÖYÜ KÜÇÜK SÖGÜTLÜ SOGUKSU KÖYÜ YENIKÖY KÖYÜ ÇAĞLAYAN KÖYÜ ÇAĞLAYAN MAH.,,
SIVAS,Suşehri,04.10.2026,2026-10-04 09:00:00,2026-10-04 16:00:00,SUŞEHRİ,,
SIVAS,İmranlı,04.10.2026,2026-10-04 09:00:00,2026-10-04 16:00:00,İMRANLI,,
SIVAS,Şarkışla,04.10.2026,2026-10-04 09:30:00,2026-10-04 15:00:00,ŞARKIŞLA,,
SIVAS,Yıldızeli,04.10.2026,2026-10-04 09:00:00,2026-10-04 17:00:00,YILDIZELİ,,
SIVAS,Gemerek,04.10.2026,2026-10-04 09:00:00,2026-10-04 17:30:00,GEMEREK,,
SIVAS,Şarkışla,04.10.2026,2026-10-04 09:30:00,2026-10-04 15:00:00,ŞARKIŞLA,,
SIVAS,Suşehri,04.10.2026,2026-10-04 09:00:00,2026-10-04 15:00:00,SUŞEHRİ,,
SIVAS,Akıncılar,04.10.2026,2026-10-04 10:00:00,2026-10-04 17:00:00,AKINCILAR,,
SIVAS,Zara,04.10.2026,2026-10-04 09:30:00,2026-10-04 16:00:00,ZARA,,
SIVAS,İmranlı,04.10.2026,2026-10-04 09:00:00,2026-10-04 16:00:00,İMRANLI,,
TOKAT,Erbaa,04.10.2026,2026-10-04 08:30:00,2026-10-04 17:30:00,ERBAA,,
YALOVA,Altınova,04.10.2026,2026-10-04 08:30:00,2026-10-04 09:00:00,ALTINOVA,,
YALOVA,Altınova,04.10.2026,2026-10-04 19:00:00,2026-10-04 19:30:00,ALTINOVA,,
YALOVA,Altınova,04.10.2026,2026-10-04 08:00:00,2026-10-04 08:30:00,ALTINOVA,,
YOZGAT,Boğazlıyan,04.10.2026,2026-10-04 09:00:00,2026-10-04 12:00:00,BOĞAZLIYAN,,
YOZGAT,Sorgun,04.10.2026,2026-10-04 09:00:00,2026-10-04 15:00:00,SORGUN,,
YOZGAT,Yerköy,04.10.2026,2026-10-04 13:00:00,2026-10-04 15:00:00,YERKÖY,,
YOZGAT,Saraykent,04.10.2026,2026-10-04 09:00:00,2026-10-04 17:00:00,SARAYKENT,,
YOZGAT,Akdağmadeni,04.10.2026,2026-10-04 09:00:00,2026-10-04 17:00:00,AKDAĞMADENİ,,
YOZGAT,Sarıkaya,04.10.2026,2026-10-04 12:00:00,2026-10-04 18:00:00,SARIKAYA,,
