Şehir,İlçe Adı,Tarih,Başlangıç Tarih - Saati,Bitiş Tarih - Saati,Bölgeler(Semt-Mahalle),Latitude,Longitude
ADIYAMAN,Sincik,26.12.2024,2024-12-26 09:00:00,2024-12-26 15:00:00,"* Camdere, Catbahce, Dilektepe,  fatih,",38.0291332,38.6194328
ADIYAMAN,Adıyaman Merkez,26.12.2024,2024-12-26 10:10:00,2024-12-26 11:00:00,"* Barbaros Hayrettin pasa, Mimar Sinan M",37.7602985,38.2772986
ADIYAMAN,Adıyaman Merkez,26.12.2024,2024-12-26 13:10:00,2024-12-26 14:00:00,"* Karapinar Mahallesi 27167, 21168, 2116",37.7602985,38.2772986
ADIYAMAN,Adıyaman Merkez,26.12.2024,2024-12-26 14:10:00,2024-12-26 15:30:00,"* Karapinar Mahallesi 2775, 2776, 2777,",37.7602985,38.2772986
ADIYAMAN,Adıyaman Merkez,26.12.2024,2024-12-26 14:10:00,2024-12-26 15:30:00,"* Karapinar Mahallesi 2775, 2776, 2777,",37.7602985,38.2772986
ADIYAMAN,Adıyaman Merkez,26.12.2024,2024-12-26 10:10:00,2024-12-26 11:00:00,"* YunusEmre Mahallesi    29122, 29123, 2",37.7602985,38.2772986
ADIYAMAN,Adıyaman Merkez,26.12.2024,2024-12-26 11:10:00,2024-12-26 12:00:00,"* Yunusemre mahallesi    2901, 2902, 290",37.7602985,38.2772986
ADIYAMAN,Adıyaman Merkez,26.12.2024,2024-12-26 13:10:00,2024-12-26 14:00:00,"* Karapinar Mahallesi 27120, 27121, 2712",37.7602985,38.2772986
ADIYAMAN,Adıyaman Merkez,26.12.2024,2024-12-26 11:22:00,2024-12-26 12:00:00,"* Karapinar Mahallesi 27136, 27138, 2713",37.7602985,38.2772986
AKSARAY,Eskil,26.12.2024,2024-12-26 10:00:00,2024-12-26 12:00:00,ESKİL İŞLETMESİ,38.4017027,33.412823
AKSARAY,Aksaray Merkez,26.12.2024,2024-12-26 01:30:00,2024-12-26 03:30:00,AKSARAY-2 İŞLETMESİ,38.3705416,34.026907
AKSARAY,Sultanhanı,26.12.2024,2024-12-26 11:00:00,2024-12-26 13:00:00,ESKİL İŞLETMESİ,38.2474175,33.5489796
AKSARAY,Sultanhanı,26.12.2024,2024-12-26 09:00:00,2024-12-26 10:30:00,ESKİL İŞLETMESİ,38.2474175,33.5489796
AKSARAY,Sultanhanı,26.12.2024,2024-12-26 14:00:00,2024-12-26 17:30:00,ESKİL İŞLETMESİ,38.2474175,33.5489796
AKSARAY,Aksaray Merkez,26.12.2024,2024-12-26 09:00:00,2024-12-26 15:00:00,AKSARAY-1 İŞLETMESİ,38.3705416,34.026907
ANTALYA,Alanya,26.12.2024,2024-12-26 09:00:00,2024-12-26 11:00:00,ALANYA,36.8865728,30.7030242
ANTALYA,Alanya,26.12.2024,2024-12-26 09:00:00,2024-12-26 16:00:00,ALANYA,36.8865728,30.7030242
ANTALYA,Alanya,26.12.2024,2024-12-26 09:00:00,2024-12-26 16:00:00,ALANYA,36.8865728,30.7030242
ANTALYA,Alanya,26.12.2024,2024-12-26 09:00:00,2024-12-26 16:00:00,ALANYA,36.8865728,30.7030242
ANTALYA,Aksu,26.12.2024,2024-12-26 13:00:00,2024-12-26 18:00:00,AKSU,36.9475051,30.847705
ANTALYA,Aksu,26.12.2024,2024-12-26 13:00:00,2024-12-26 18:00:00,AKSU,36.9475051,30.847705
ANTALYA,Kepez,26.12.2024,2024-12-26 13:00:00,2024-12-26 18:00:00,KEPEZ,36.9176296,30.7149914
ANTALYA,Alanya,26.12.2024,2024-12-26 09:00:00,2024-12-26 16:00:00,ALANYA,36.8865728,30.7030242
ANTALYA,Kepez,26.12.2024,2024-12-26 09:00:00,2024-12-26 16:00:00,KEPEZ,36.9176296,30.7149914
ANTALYA,Kepez,26.12.2024,2024-12-26 13:00:00,2024-12-26 18:00:00,KEPEZ,36.9176296,30.7149914
ANTALYA,Kumluca,26.12.2024,2024-12-26 09:00:00,2024-12-26 16:00:00,KUMLUCA,36.3669046,30.2858418
ANTALYA,Demre,26.12.2024,2024-12-26 15:00:00,2024-12-26 18:00:00,DEMRE,36.244569,29.9876151
ANTALYA,Döşemealtı,26.12.2024,2024-12-26 09:00:00,2024-12-26 16:00:00,DÖŞEMEALTI,37.022956,30.6013333
ANTALYA,Kepez,26.12.2024,2024-12-26 09:00:00,2024-12-26 16:00:00,KEPEZ,36.9176296,30.7149914
ANTALYA,Alanya,26.12.2024,2024-12-26 13:00:00,2024-12-26 17:00:00,ALANYA,36.8865728,30.7030242
ANTALYA,Alanya,26.12.2024,2024-12-26 09:00:00,2024-12-26 11:00:00,ALANYA,36.8865728,30.7030242
ANTALYA,Manavgat,26.12.2024,2024-12-26 09:00:00,2024-12-26 16:00:00,MANAVGAT,36.7870124,31.4406667
ANTALYA,Alanya,26.12.2024,2024-12-26 09:00:00,2024-12-26 16:00:00,ALANYA,36.8865728,30.7030242
ANTALYA,Alanya,26.12.2024,2024-12-26 09:00:00,2024-12-26 11:00:00,ALANYA,36.8865728,30.7030242
ANTALYA,Alanya,26.12.2024,2024-12-26 09:00:00,2024-12-26 13:00:00,ALANYA,36.8865728,30.7030242
ANTALYA,Alanya,26.12.2024,2024-12-26 09:00:00,2024-12-26 11:00:00,ALANYA,36.8865728,30.7030242
ANTALYA,Alanya,26.12.2024,2024-12-26 09:00:00,2024-12-26 16:00:00,ALANYA,36.8865728,30.7030242
ANTALYA,Alanya,26.12.2024,2024-12-26 09:00:00,2024-12-26 16:00:00,ALANYA,36.8865728,30.7030242
ANTALYA,Manavgat,26.12.2024,2024-12-26 09:00:00,2024-12-26 16:00:00,MANAVGAT,36.7870124,31.4406667
ANTALYA,Alanya,26.12.2024,2024-12-26 09:30:00,2024-12-26 16:30:00,ALANYA,36.8865728,30.7030242
ANTALYA,Manavgat,26.12.2024,2024-12-26 09:00:00,2024-12-26 16:00:00,MANAVGAT,36.7870124,31.4406667
ANTALYA,Aksu,26.12.2024,2024-12-26 13:00:00,2024-12-26 18:00:00,AKSU,36.9475051,30.847705
ANTALYA,Aksu,26.12.2024,2024-12-26 13:00:00,2024-12-26 18:00:00,AKSU,36.9475051,30.847705
ANTALYA,Kaş,26.12.2024,2024-12-26 09:00:00,2024-12-26 16:00:00,KAŞ,36.1993752,29.6413365
ANTALYA,Kaş,26.12.2024,2024-12-26 09:00:00,2024-12-26 16:00:00,KAŞ,36.1993752,29.6413365
BALIKESIR,Bandırma,26.12.2024,2024-12-26 13:30:00,2024-12-26 16:30:00,BANDIRMA,40.3554705,27.9697603
BALIKESIR,Bandırma,26.12.2024,2024-12-26 09:00:00,2024-12-26 12:00:00,BANDIRMA,40.3554705,27.9697603
BALIKESIR,Bigadiç,26.12.2024,2024-12-26 10:00:00,2024-12-26 12:00:00,BİGADİÇ,39.391505,28.1322269
BALIKESIR,Bandırma,26.12.2024,2024-12-26 14:50:00,2024-12-26 18:00:00,BANDIRMA,40.3554705,27.9697603
BALIKESIR,Balıkesir Merkez,26.12.2024,2024-12-26 09:30:00,2024-12-26 16:00:00,KARESİ,39.670293650000005,27.927072379506445
BALIKESIR,Edremit,26.12.2024,2024-12-26 09:30:00,2024-12-26 13:00:00,EDREMİT,39.5938352,27.0156844
BALIKESIR,Edremit,26.12.2024,2024-12-26 09:30:00,2024-12-26 13:00:00,EDREMİT,39.5938352,27.0156844
BALIKESIR,Bigadiç,26.12.2024,2024-12-26 13:00:00,2024-12-26 15:00:00,BİGADİÇ,39.391505,28.1322269
BALIKESIR,Burhaniye,26.12.2024,2024-12-26 09:00:00,2024-12-26 17:00:00,BURHANİYE,39.5030179,26.9807391
BALIKESIR,Erdek,26.12.2024,2024-12-26 09:00:00,2024-12-26 12:00:00,ERDEK,40.3974352,27.7909871
BALIKESIR,Havran,26.12.2024,2024-12-26 09:00:00,2024-12-26 17:00:00,HAVRAN,39.5576221,27.1002544
BALIKESIR,Havran,26.12.2024,2024-12-26 09:00:00,2024-12-26 17:00:00,HAVRAN,39.5576221,27.1002544
BALIKESIR,Gömeç,26.12.2024,2024-12-26 09:30:00,2024-12-26 17:30:00,GÖNEN,39.3901489,26.8411555
BALIKESIR,Gömeç,26.12.2024,2024-12-26 12:00:00,2024-12-26 16:00:00,GÖNEN,39.3901489,26.8411555
BALIKESIR,Gömeç,26.12.2024,2024-12-26 14:00:00,2024-12-26 15:30:00,GÖNEN,39.3901489,26.8411555
BALIKESIR,Gömeç,26.12.2024,2024-12-26 09:00:00,2024-12-26 17:00:00,GÖMEÇ,39.3901489,26.8411555
BALIKESIR,Gömeç,26.12.2024,2024-12-26 10:00:00,2024-12-26 12:00:00,GÖMEÇ,39.3901489,26.8411555
BALIKESIR,Gömeç,26.12.2024,2024-12-26 12:00:00,2024-12-26 13:30:00,GÖNEN,39.3901489,26.8411555
BALIKESIR,Edremit,26.12.2024,2024-12-26 09:00:00,2024-12-26 14:00:00,EDREMİT,39.5938352,27.0156844
BALIKESIR,Susurluk,26.12.2024,2024-12-26 13:00:00,2024-12-26 14:30:00,SUSURLUK,39.9183805,28.1531894
BURDUR,Tefenni,26.12.2024,2024-12-26 10:00:00,2024-12-26 17:00:00,TEFENNİ,37.3132492,29.7759765
BURDUR,Çeltikçi,26.12.2024,2024-12-26 10:00:00,2024-12-26 16:00:00,ÇELTİKÇİ,37.533798,30.4826059
BURDUR,Ağlasun,26.12.2024,2024-12-26 10:00:00,2024-12-26 17:00:00,AĞLASUN,37.6496612,30.5331918
BURDUR,Ağlasun,26.12.2024,2024-12-26 10:00:00,2024-12-26 17:00:00,AĞLASUN,37.6496612,30.5331918
BURSA,Nilüfer,26.12.2024,2024-12-26 09:00:00,2024-12-26 17:00:00,NİLÜFER,40.2169975,28.9847907
BURSA,Nilüfer,26.12.2024,2024-12-26 09:00:00,2024-12-26 11:00:00,NİLÜFER,40.2169975,28.9847907
BURSA,Nilüfer,26.12.2024,2024-12-26 09:00:00,2024-12-26 13:00:00,NİLÜFER,40.2169975,28.9847907
BURSA,Gemlik,26.12.2024,2024-12-26 10:30:00,2024-12-26 17:30:00,GEMLİK,40.4301652,29.1570698
BURSA,Nilüfer,26.12.2024,2024-12-26 14:00:00,2024-12-26 16:00:00,NİLÜFER,40.2169975,28.9847907
BURSA,Kestel,26.12.2024,2024-12-26 09:00:00,2024-12-26 15:00:00,KESTEL,40.2007544,29.2128704
BURSA,Mustafakemalpaşa,26.12.2024,2024-12-26 13:00:00,2024-12-26 17:00:00,MUSTAFAKEMALPAŞA,40.0350481,28.4132707
BURSA,Karacabey,26.12.2024,2024-12-26 13:00:00,2024-12-26 17:00:00,KARACABEY,40.2160465,28.3590588
BURSA,İznik,26.12.2024,2024-12-26 10:00:00,2024-12-26 17:00:00,İZNİK,40.4303445,29.7223732
BURSA,Nilüfer,26.12.2024,2024-12-26 03:00:00,2024-12-26 04:00:00,NİLÜFER,40.2169975,28.9847907
BURSA,Yıldırım,26.12.2024,2024-12-26 10:00:00,2024-12-26 17:00:00,YILDIRIM,40.1900988,29.097653
BURSA,Yıldırım,26.12.2024,2024-12-26 10:00:00,2024-12-26 11:00:00,YILDIRIM,40.1900988,29.097653
BURSA,Osmangazi,26.12.2024,2024-12-26 09:30:00,2024-12-26 10:30:00,OSMANGAZİ,40.1982203,29.0612098
BURSA,Osmangazi,26.12.2024,2024-12-26 10:30:00,2024-12-26 11:30:00,OSMANGAZİ,40.1982203,29.0612098
BURSA,Osmangazi,26.12.2024,2024-12-26 15:00:00,2024-12-26 16:00:00,OSMANGAZİ,40.1982203,29.0612098
BURSA,Osmangazi,26.12.2024,2024-12-26 10:30:00,2024-12-26 11:30:00,OSMANGAZİ,40.1982203,29.0612098
BURSA,Osmangazi,26.12.2024,2024-12-26 11:30:00,2024-12-26 12:30:00,OSMANGAZİ,40.1982203,29.0612098
BURSA,Osmangazi,26.12.2024,2024-12-26 14:00:00,2024-12-26 15:00:00,OSMANGAZİ,40.1982203,29.0612098
BURSA,Osmangazi,26.12.2024,2024-12-26 11:30:00,2024-12-26 12:30:00,OSMANGAZİ,40.1982203,29.0612098
BURSA,Osmangazi,26.12.2024,2024-12-26 09:30:00,2024-12-26 10:30:00,OSMANGAZİ,40.1982203,29.0612098
BURSA,Osmangazi,26.12.2024,2024-12-26 16:00:00,2024-12-26 17:00:00,OSMANGAZİ,40.1982203,29.0612098
BURSA,Osmangazi,26.12.2024,2024-12-26 14:00:00,2024-12-26 15:00:00,OSMANGAZİ,40.1982203,29.0612098
BURSA,Osmangazi,26.12.2024,2024-12-26 10:30:00,2024-12-26 11:30:00,OSMANGAZİ,40.1982203,29.0612098
BURSA,Osmangazi,26.12.2024,2024-12-26 15:00:00,2024-12-26 18:00:00,OSMANGAZİ,40.1982203,29.0612098
BURSA,Osmangazi,26.12.2024,2024-12-26 09:00:00,2024-12-26 15:00:00,OSMANGAZİ,40.1982203,29.0612098
BURSA,Osmangazi,26.12.2024,2024-12-26 09:00:00,2024-12-26 17:00:00,OSMANGAZİ,40.1982203,29.0612098
BURSA,Osmangazi,26.12.2024,2024-12-26 15:00:00,2024-12-26 16:00:00,OSMANGAZİ,40.1982203,29.0612098
BURSA,Osmangazi,26.12.2024,2024-12-26 11:30:00,2024-12-26 12:30:00,OSMANGAZİ,40.1982203,29.0612098
BURSA,Osmangazi,26.12.2024,2024-12-26 15:00:00,2024-12-26 16:00:00,OSMANGAZİ,40.1982203,29.0612098
BURSA,İnegöl,26.12.2024,2024-12-26 01:00:00,2024-12-26 05:00:00,İNEGÖL,40.0800359,29.5096528
BURSA,İnegöl,26.12.2024,2024-12-26 01:00:00,2024-12-26 05:00:00,İNEGÖL,40.0800359,29.5096528
BURSA,İnegöl,26.12.2024,2024-12-26 01:00:00,2024-12-26 05:00:00,İNEGÖL,40.0800359,29.5096528
BURSA,İnegöl,26.12.2024,2024-12-26 04:00:00,2024-12-26 05:30:00,İNEGÖL,40.0800359,29.5096528
BURSA,İnegöl,26.12.2024,2024-12-26 02:30:00,2024-12-26 04:00:00,İNEGÖL,40.0800359,29.5096528
BURSA,Mudanya,26.12.2024,2024-12-26 09:00:00,2024-12-26 17:00:00,MUDANYA,40.3752582,28.8837929
BURSA,İnegöl,26.12.2024,2024-12-26 01:00:00,2024-12-26 05:00:00,İNEGÖL,40.0800359,29.5096528
BURSA,Osmangazi,26.12.2024,2024-12-26 09:00:00,2024-12-26 17:00:00,OSMANGAZİ,40.1982203,29.0612098
BURSA,Osmangazi,26.12.2024,2024-12-26 09:30:00,2024-12-26 10:30:00,OSMANGAZİ,40.1982203,29.0612098
BURSA,Osmangazi,26.12.2024,2024-12-26 16:00:00,2024-12-26 17:00:00,OSMANGAZİ,40.1982203,29.0612098
BURSA,Osmangazi,26.12.2024,2024-12-26 09:30:00,2024-12-26 13:30:00,OSMANGAZİ,40.1982203,29.0612098
CANAKKALE,Çan,26.12.2024,2024-12-26 09:30:00,2024-12-26 13:30:00,ÇAN,40.0289459,27.0511631
CANAKKALE,Çanakkale Merkez,26.12.2024,2024-12-26 14:00:00,2024-12-26 15:00:00,MERKEZ,40.146271,26.4028892
CANAKKALE,Çanakkale Merkez,26.12.2024,2024-12-26 11:00:00,2024-12-26 12:00:00,MERKEZ,40.146271,26.4028892
CANAKKALE,Çanakkale Merkez,26.12.2024,2024-12-26 10:00:00,2024-12-26 11:00:00,MERKEZ,40.146271,26.4028892
CANAKKALE,Eceabat,26.12.2024,2024-12-26 11:00:00,2024-12-26 17:00:00,ECEABAT,40.1852143,26.3590969
CANAKKALE,Çanakkale Merkez,26.12.2024,2024-12-26 13:00:00,2024-12-26 14:00:00,MERKEZ,40.146271,26.4028892
CANAKKALE,Çanakkale Merkez,26.12.2024,2024-12-26 09:00:00,2024-12-26 10:00:00,MERKEZ,40.146271,26.4028892
CANAKKALE,Ayvacık,26.12.2024,2024-12-26 10:00:00,2024-12-26 16:00:00,AYVACIK,39.601185,26.4031312
CANAKKALE,Çanakkale Merkez,26.12.2024,2024-12-26 15:00:00,2024-12-26 16:00:00,MERKEZ,40.146271,26.4028892
ISPARTA,Senirkent,26.12.2024,2024-12-26 12:00:00,2024-12-26 14:00:00,SENİRKENT,38.107803,30.5503493
ISPARTA,Aksu,26.12.2024,2024-12-26 11:00:00,2024-12-26 13:00:00,AKSU,37.7988945,31.0711111
ISPARTA,Atabey,26.12.2024,2024-12-26 09:00:00,2024-12-26 16:00:00,ATABEY,37.9509348,30.6374073
ISPARTA,Atabey,26.12.2024,2024-12-26 09:00:00,2024-12-26 16:00:00,ATABEY,37.9509348,30.6374073
ISPARTA,Şarkikaraağaç,26.12.2024,2024-12-26 10:00:00,2024-12-26 17:00:00,ŞARKİKARAAĞAÇ,38.080712,31.3660929
ISPARTA,Keçiborlu,26.12.2024,2024-12-26 09:00:00,2024-12-26 16:00:00,KEÇİBORLU,37.9448799,30.3003582
ISPARTA,Yenişarbademli,26.12.2024,2024-12-26 10:00:00,2024-12-26 17:00:00,YENİŞARBADEMLİ,37.7075326,31.3882307
ISPARTA,Şarkikaraağaç,26.12.2024,2024-12-26 10:00:00,2024-12-26 17:00:00,ŞARKİKARAAĞAÇ,38.080712,31.3660929
ISTANBUL,Başakşehir,26.12.2024,2024-12-26 09:00:00,2024-12-26 17:00:00,BASAKSEHIR,41.1075794,28.7950711
ISTANBUL,Bahçelievler,26.12.2024,2024-12-26 09:00:00,2024-12-26 17:00:00,BAHÇELIEVLER,41.0030495,28.8657701
ISTANBUL,Başakşehir,26.12.2024,2024-12-26 09:00:00,2024-12-26 13:00:00,BASAKSEHIR,41.1075794,28.7950711
ISTANBUL,Büyükçekmece,26.12.2024,2024-12-26 09:00:00,2024-12-26 16:00:00,BÜYÜKÇEKMECE,41.021654,28.579757
ISTANBUL,Büyükçekmece,26.12.2024,2024-12-26 09:00:00,2024-12-26 15:00:00,BÜYÜKÇEKMECE,41.021654,28.579757
ISTANBUL,Avcılar,26.12.2024,2024-12-26 09:00:00,2024-12-26 17:00:00,AVCILAR,40.9799389,28.7216689
ISTANBUL,Bakırköy,26.12.2024,2024-12-26 09:00:00,2024-12-26 12:00:00,BAKIRKÖY,40.9782585,28.8744461
ISTANBUL,Avcılar,26.12.2024,2024-12-26 09:00:00,2024-12-26 17:00:00,AVCILAR,40.9799389,28.7216689
ISTANBUL,Avcılar,26.12.2024,2024-12-26 09:00:00,2024-12-26 17:00:00,AVCILAR,40.9799389,28.7216689
ISTANBUL,Avcılar,26.12.2024,2024-12-26 09:00:00,2024-12-26 17:00:00,AVCILAR,40.9799389,28.7216689
ISTANBUL,Başakşehir,26.12.2024,2024-12-26 09:00:00,2024-12-26 13:00:00,BASAKSEHIR,41.1075794,28.7950711
ISTANBUL,Bakırköy,26.12.2024,2024-12-26 13:30:00,2024-12-26 16:30:00,BAKIRKÖY,40.9782585,28.8744461
ISTANBUL,Başakşehir,26.12.2024,2024-12-26 09:00:00,2024-12-26 17:00:00,BASAKSEHIR,41.1075794,28.7950711
ISTANBUL,Fatih,26.12.2024,2024-12-26 11:00:00,2024-12-26 14:00:00,FATIH,41.0192846,28.9479296
ISTANBUL,Esenyurt,26.12.2024,2024-12-26 09:00:00,2024-12-26 15:00:00,ESENYURT,41.0342862,28.6801113
ISTANBUL,Bağcılar,26.12.2024,2024-12-26 13:00:00,2024-12-26 16:00:00,BAGCILAR,41.034547,28.8567558
ISTANBUL,Bağcılar,26.12.2024,2024-12-26 09:00:00,2024-12-26 17:00:00,BAGCILAR,41.034547,28.8567558
ISTANBUL,Bağcılar,26.12.2024,2024-12-26 09:00:00,2024-12-26 17:00:00,BAGCILAR,41.034547,28.8567558
ISTANBUL,Bağcılar,26.12.2024,2024-12-26 09:00:00,2024-12-26 17:00:00,BAGCILAR,41.034547,28.8567558
ISTANBUL,Gaziosmanpaşa,26.12.2024,2024-12-26 09:00:00,2024-12-26 17:00:00,GAZIOSMANPASA,41.0578305,28.9122452
ISTANBUL,Gaziosmanpaşa,26.12.2024,2024-12-26 09:00:00,2024-12-26 17:00:00,GAZIOSMANPASA,41.0578305,28.9122452
ISTANBUL,Beyoğlu,26.12.2024,2024-12-26 18:00:00,2024-12-26 21:00:00,BEYOGLU,41.0284233,28.9736808
ISTANBUL,Beyoğlu,26.12.2024,2024-12-26 09:00:00,2024-12-26 12:00:00,BEYOGLU,41.0284233,28.9736808
ISTANBUL,Beyoğlu,26.12.2024,2024-12-26 10:00:00,2024-12-26 17:00:00,BEYOGLU,41.0284233,28.9736808
ISTANBUL,Sarıyer,26.12.2024,2024-12-26 00:00:00,2024-12-26 06:00:00,SARIYER,41.1685803,29.0572623
ISTANBUL,Sarıyer,26.12.2024,2024-12-26 00:00:00,2024-12-26 06:00:00,SARIYER,41.1685803,29.0572623
ISTANBUL,Avcılar,26.12.2024,2024-12-26 09:00:00,2024-12-26 17:00:00,AVCILAR,40.9799389,28.7216689
ISTANBUL,Fatih,26.12.2024,2024-12-26 09:00:00,2024-12-26 12:00:00,FATIH,41.0192846,28.9479296
ISTANBUL,Esenyurt,26.12.2024,2024-12-26 09:00:00,2024-12-26 17:00:00,ESENYURT,41.0342862,28.6801113
ISTANBUL,Avcılar,26.12.2024,2024-12-26 09:00:00,2024-12-26 17:00:00,AVCILAR,40.9799389,28.7216689
ISTANBUL,Sultangazi,26.12.2024,2024-12-26 09:00:00,2024-12-26 16:00:00,SULTANGAZI,41.1043344,28.8614367
ISTANBUL,Arnavutköy,26.12.2024,2024-12-26 10:00:00,2024-12-26 15:00:00,ARNAVUTKÖY,41.184471,28.7412446
ISTANBUL,Sultangazi,26.12.2024,2024-12-26 10:00:00,2024-12-26 14:00:00,SULTANGAZI,41.1043344,28.8614367
ISTANBUL,Sultangazi,26.12.2024,2024-12-26 09:00:00,2024-12-26 17:00:00,SULTANGAZI,41.1043344,28.8614367
ISTANBUL,Sultangazi,26.12.2024,2024-12-26 09:00:00,2024-12-26 16:00:00,SULTANGAZI,41.1043344,28.8614367
ISTANBUL,Sultangazi,26.12.2024,2024-12-26 09:00:00,2024-12-26 16:00:00,SULTANGAZI,41.1043344,28.8614367
ISTANBUL,Beylikdüzü,26.12.2024,2024-12-26 09:00:00,2024-12-26 17:00:00,BEYLIKDÜZÜ,41.0037541,28.6372583
ISTANBUL,Beylikdüzü,26.12.2024,2024-12-26 09:00:00,2024-12-26 17:00:00,BEYLIKDÜZÜ,41.0037541,28.6372583
ISTANBUL,Esenler,26.12.2024,2024-12-26 09:30:00,2024-12-26 11:00:00,ESENLER,41.0376175,28.8824519
ISTANBUL,Esenler,26.12.2024,2024-12-26 11:00:00,2024-12-26 12:30:00,ESENLER,41.0376175,28.8824519
ISTANBUL,Güngören,26.12.2024,2024-12-26 09:00:00,2024-12-26 13:00:00,GÜNGÖREN,41.0252832,28.8726498
ISTANBUL,Bayrampaşa,26.12.2024,2024-12-26 09:00:00,2024-12-26 17:00:00,BAYRAMPASA,41.0345549,28.9118417
ISTANBUL,Bayrampaşa,26.12.2024,2024-12-26 10:00:00,2024-12-26 13:00:00,BAYRAMPASA,41.0345549,28.9118417
ISTANBUL,Kağıthane,26.12.2024,2024-12-26 09:30:00,2024-12-26 16:30:00,KAGITHANE,41.0812087,28.9730151
ISTANBUL,Kağıthane,26.12.2024,2024-12-26 09:30:00,2024-12-26 16:30:00,KAGITHANE,41.0812087,28.9730151
ISTANBUL,Şişli,26.12.2024,2024-12-26 10:00:00,2024-12-26 15:00:00,SISLI,41.0637891,28.9831642
ISTANBUL,Şişli,26.12.2024,2024-12-26 12:00:00,2024-12-26 15:00:00,SISLI,41.0637891,28.9831642
ISTANBUL,Şişli,26.12.2024,2024-12-26 15:00:00,2024-12-26 18:00:00,SISLI,41.0637891,28.9831642
ISTANBUL,Şişli,26.12.2024,2024-12-26 10:00:00,2024-12-26 17:00:00,SISLI,41.0637891,28.9831642
ISTANBUL,Arnavutköy,26.12.2024,2024-12-26 10:00:00,2024-12-26 15:00:00,ARNAVUTKÖY,41.184471,28.7412446
ISTANBUL,Arnavutköy,26.12.2024,2024-12-26 09:00:00,2024-12-26 17:00:00,ARNAVUTKÖY,41.184471,28.7412446
ISTANBUL,Arnavutköy,26.12.2024,2024-12-26 00:30:00,2024-12-26 06:30:00,ARNAVUTKÖY,41.184471,28.7412446
ISTANBUL,Şişli,26.12.2024,2024-12-26 00:00:00,2024-12-26 07:00:00,SISLI,41.0637891,28.9831642
ISTANBUL,Arnavutköy,26.12.2024,2024-12-26 10:00:00,2024-12-26 15:00:00,ARNAVUTKÖY,41.184471,28.7412446
ISTANBUL,Eyüp,26.12.2024,2024-12-26 10:05:00,2024-12-26 16:00:00,EYÜPSULTAN,41.0478358,28.9327383
ISTANBUL,Beşiktaş,26.12.2024,2024-12-26 09:00:00,2024-12-26 16:00:00,BESIKTAS,41.0428465,29.0075283
KAHRAMANMARAS,Dulkadiroğlu,26.12.2024,2024-12-26 09:30:00,2024-12-26 16:30:00,GUZELYURT(KISMI),37.5797742,36.93124
KAHRAMANMARAS,Dulkadiroğlu,26.12.2024,2024-12-26 10:00:00,2024-12-26 14:00:00,"SUCATI(KISMI), CAGLAYAN, SAHINKAYASI",37.5797742,36.93124
KAHRAMANMARAS,Göksun,26.12.2024,2024-12-26 10:30:00,2024-12-26 15:30:00,"* ASLANBEYCIFTLIGI MAHALLESI,",38.0214898,36.494634
KAHRAMANMARAS,Dulkadiroğlu,26.12.2024,2024-12-26 13:30:00,2024-12-26 17:30:00,CATMAYAYLA(KISMI),37.5797742,36.93124
KAHRAMANMARAS,Dulkadiroğlu,26.12.2024,2024-12-26 09:00:00,2024-12-26 15:30:00,ORHANGAZI,37.5797742,36.93124
KAHRAMANMARAS,Elbistan,26.12.2024,2024-12-26 09:30:00,2024-12-26 15:00:00,"* IGDE MAHALLESININ BIR KISMI,",38.2022294,37.1903006
KAHRAMANMARAS,Pazarcık,26.12.2024,2024-12-26 09:00:00,2024-12-26 15:00:00,* Mehmet Emin Arikoglu Bagdinisagir Maha,37.4894912,37.2935151
KAHRAMANMARAS,Elbistan,26.12.2024,2024-12-26 10:00:00,2024-12-26 16:00:00,* ELBISTAN TASBURUN VE PINARBASI MAHALLE,38.2022294,37.1903006
KAHRAMANMARAS,Dulkadiroğlu,26.12.2024,2024-12-26 09:00:00,2024-12-26 12:00:00,CATMAYAYLA(KISMI),37.5797742,36.93124
KARAMAN,Karaman Merkez,26.12.2024,2024-12-26 13:00:00,2024-12-26 15:00:00,KARAMAN-2 İŞLETMESİ,37.1808502,33.2194554
KARAMAN,Kazımkarabekir,26.12.2024,2024-12-26 09:30:00,2024-12-26 16:30:00,KARAMAN-2 İŞLETMESİ,37.2265254,32.9582567
KAYSERI,Sarıoğlan,26.12.2024,2024-12-26 09:00:00,2024-12-26 16:00:00,"HÜRRİYET MAH. MEHMET AKİF ERSOY SOK., 125.SOK., SEREN SOK., 159.SOK., 158.SOK., ESEN SOK., ORHAN GAZİ SOK., 109.SOK., 110.SOK., SAĞLIK SOK., KAYSERİ 1.CAD., GÖLOVA CAD., 91.SOK., TURGUT REİS SOK., 154.SOK. VE CİVARLARINDA / ÇİFTLİK MAH. KAYSERİ 1.CAD., ORUÇ REİS SOK., 174.SOK., 177.KÜM.EV. VE CİVARLARINDA / ",39.07706,35.9672492
KAYSERI,Melikgazi,26.12.2024,2024-12-26 09:00:00,2024-12-26 15:00:00,"SAKARYA MAH. KİRAZ SOK., GÜLEÇ SOK., AYBEY SOK., KARANFİLLİ SOK., KİRAZ GEÇ. SOK., GÜLÇİMEN SOK., YEŞİLDERE 1. SOK. VE CİVARLARINDA / ",38.7199062,35.5056623
KAYSERI,Tomarza,26.12.2024,2024-12-26 09:00:00,2024-12-26 13:30:00,AKMEZAR MAH. AKMEZAR KÜMEEVLER VE CİVARLARINDA / ,38.4476867,35.8009143
KAYSERI,Talas,26.12.2024,2024-12-26 09:00:00,2024-12-26 17:00:00,"YUKARI MAH. İREM 1.CAD., NUTUK SOK., ENDÜRLÜK CAD., ORHAN GAZİ CAD., ÖZER SOK., BOZ SOK., ENDÜRLÜK 6.SOK., GÜLÜSTAN SOK., LALEZADE SOK., LERZAN SOK. VE CİVARLARINDA / ",38.6908169,35.5518755
KAYSERI,Bünyan,26.12.2024,2024-12-26 09:30:00,2024-12-26 14:30:00,"YENİ SÜKSÜN MAH. ATATÜRK BUL., KAZIM KARABEKİR CAD, 465.KÜM.EV., 463.KÜM.EV. VE CİVARLARINDA / HAZARŞAH MAH. HAZARŞAH KÜMEEVLER VE CİVARLARINDA / ELBAŞI MAH. 149.KÜM.EV. VE CİVARLARINDA / ",38.8458924,35.8576944
KAYSERI,Yahyalı,26.12.2024,2024-12-26 09:00:00,2024-12-26 13:00:00,"İLYASLI MAH. 1128.SOK., 1125.SOK., 1134.SOK., 1132.SOK., 1131.SOK., 1133.SOK., 1130.SOK., 1126.SOK., 1127.SOK., 1138.SOK., 1108.SOK., 1137.SOK., 1136.SOK., 1124.SOK., 1139.KÜM.EV., 1135.SOK. VE CİVARLARINDA / ",38.1003432,35.3541006
KAYSERI,Yahyalı,26.12.2024,2024-12-26 09:00:00,2024-12-26 13:00:00,"İLYASLI MAH. İLYASLI KÖYÜ, 1126.SOK., 1111.SOK., 1124.SOK., 1105.SOK., 1138.SOK., 1113.SOK., 1110.SOK., 1108.SOK., 1133.SOK., 1117.SOK., 1106.SOK., 1109.KÜM.EV., 1116.SOK., 1114.SOK., 1115.SOK. VE CİVARLARINDA / YULARI MAH. 1225.KÜM.EV. VE CİVARLARINDA / YERKÖY MAH. 1311.SOK., 1105.SOK., 1309.SOK. VE CİVARLARINDA / MUSTAFABEYLİ MAH. 621.KÜM.EV. VE CİVARLARINDA / ",38.1003432,35.3541006
KAYSERI,Yahyalı,26.12.2024,2024-12-26 13:00:00,2024-12-26 17:00:00,"SEYDİLİ MAH. ÇAY SOK., KÖMÜRCÜLER SOK., İBRAHİM ÖZSOY SOK., ATATÜRK BUL., SOLAKLAR SOK., KARACA SOK., SANDIKLAR 2.SOK. VE CİVARLARINDA / 100.YIL MAH. MEZBAHANE ALTI SOK., ÇAY YOLU SOK., KUZ BOYACILI CAD. VE CİVARLARINDA / CAMİKEBİR MAH. ÇAYYOLU SOK. VE CİVARLARINDA / ",38.1003432,35.3541006
KAYSERI,Yahyalı,26.12.2024,2024-12-26 13:00:00,2024-12-26 17:00:00,"100.YIL MAH. CERANLAR SOK., ARAPLI SOK., KAYSERİ CAD., ÇAY SOK., YURT SOK., ÇAY YOLU SOK., 304.SOK. VE CİVARLARINDA / SEYDİLİ MAH. ARAPLI SOK., İBRAHİM ÖZSOY SOK., ÇAY SOK., SOLAKLAR SOK., ATATÜRK BUL. VE CİVARLARINDA / ",38.1003432,35.3541006
KIRSEHIR,Kırşehir Merkez,26.12.2024,2024-12-26 09:00:00,2024-12-26 15:00:00,KIRŞEHİR İŞLETMESİ,39.1461142,34.1605587
KOCAELI,Başiskele,26.12.2024,2024-12-26 09:30:00,2024-12-26 17:00:00, SERVETİYE CAMİ,40.7129276,29.9286975
KOCAELI,Kartepe,26.12.2024,2024-12-26 09:30:00,2024-12-26 17:30:00, ESMEAHMEDIYE KÖYÜ ESMEAHMEDIYE MAH. EŞMEAHMEDİYE MAH. HASANCIKLAR KÖYÜ HASANCIKLAR MAH. HAVLUBURUN KÖYÜ HAVLUBURUN MAH. MESELI MAH. ORTABURUN KÖYÜ ORTABURUN MAH.,40.7454357,30.0112827
KOCAELI,Gebze,26.12.2024,2024-12-26 14:00:00,2024-12-26 17:00:00, ISTASYON KÖYÜ İSTASYON KÖYÜ,40.8006696,29.431767
KOCAELI,Başiskele,26.12.2024,2024-12-26 09:30:00,2024-12-26 17:00:00, DOĞANTEPE MAH.,40.7129276,29.9286975
KOCAELI,Gölcük,26.12.2024,2024-12-26 09:30:00,2024-12-26 17:30:00, IHSANIYE MERKEZ İHSANİYE MERKEZ,40.7169247,29.819588
KOCAELI,Gebze,26.12.2024,2024-12-26 09:00:00,2024-12-26 14:00:00, ISTASYON MAH. İSTASYON MAH.,40.8006696,29.431767
KOCAELI,Gebze,26.12.2024,2024-12-26 09:00:00,2024-12-26 14:00:00, ISTASYON KÖYÜ ISTASYON MAH. İSTASYON MAH.,40.8006696,29.431767
KOCAELI,Gebze,26.12.2024,2024-12-26 14:00:00,2024-12-26 17:00:00, ISTASYON KÖYÜ ISTASYON MAH. İSTASYON KÖYÜ İSTASYON MAH.,40.8006696,29.431767
KOCAELI,Körfez,26.12.2024,2024-12-26 09:30:00,2024-12-26 17:30:00, KARAYAKUPLU KÖYÜ KARAYAKUPLU MAH. SEVİNDİKLİ MAH.,40.760756,29.7839402
KOCAELI,Kandıra,26.12.2024,2024-12-26 09:00:00,2024-12-26 17:00:00, AGAÇAGIL MAH. AĞAÇAĞIL MAH. TAHTALI KÖYÜ TAHTALI MAH. TATARAHMET KÖYÜ TATARAHMET MAH. UZUNÇİFTLİK MAH. ÇAKMAKLAR KÖYÜ ÇAKMAKLAR MAH. ÇALCA MAH. ÇAVUSLU MAH.,41.0703914,30.1523298
KOCAELI,İzmit,26.12.2024,2024-12-26 09:00:00,2024-12-26 17:00:00, BAYRAKTAR KÖYÜ BAYRAKTAR MAH.,40.7721138,29.9505623
KONYA,Beyşehir,26.12.2024,2024-12-26 09:30:00,2024-12-26 13:30:00,BEYŞEHİR İŞLETMESİ,37.6754536,31.7269088
KONYA,Meram,26.12.2024,2024-12-26 09:00:00,2024-12-26 17:00:00,MERAM-1 İŞLETMESİ,37.8679527,32.4946514
KONYA,Meram,26.12.2024,2024-12-26 13:00:00,2024-12-26 17:00:00,MERAM-1 İŞLETMESİ,37.8679527,32.4946514
KONYA,Çumra,26.12.2024,2024-12-26 09:30:00,2024-12-26 15:00:00,ÇUMRA İŞLETMESİ,37.5713333,32.7811767
KONYA,Meram,26.12.2024,2024-12-26 13:30:00,2024-12-26 15:30:00,MERAM-1 İŞLETMESİ,37.8679527,32.4946514
KONYA,Meram,26.12.2024,2024-12-26 09:00:00,2024-12-26 12:00:00,MERAM-1 İŞLETMESİ,37.8679527,32.4946514
KONYA,Beyşehir,26.12.2024,2024-12-26 11:00:00,2024-12-26 12:00:00,BEYŞEHİR İŞLETMESİ,37.6754536,31.7269088
KONYA,Cihanbeyli,26.12.2024,2024-12-26 12:00:00,2024-12-26 17:00:00,CİHANBEYLİ İŞLETMESİ,38.6589897,32.9237305
KONYA,Cihanbeyli,26.12.2024,2024-12-26 09:00:00,2024-12-26 12:00:00,CİHANBEYLİ İŞLETMESİ,38.6589897,32.9237305
KONYA,Karatay,26.12.2024,2024-12-26 13:30:00,2024-12-26 16:30:00,KARATAY-1 İŞLETMESİ,37.8710438,32.5030448
KONYA,Karapınar,26.12.2024,2024-12-26 12:00:00,2024-12-26 17:00:00,KARAPINAR İŞLETMESİ,37.7177584,33.5476273
KONYA,Karapınar,26.12.2024,2024-12-26 09:30:00,2024-12-26 11:30:00,KARAPINAR İŞLETMESİ,37.7177584,33.5476273
KONYA,Yunak,26.12.2024,2024-12-26 09:30:00,2024-12-26 16:00:00,YUNAK İŞLETMESİ,38.810857,31.738013
KONYA,Çumra,26.12.2024,2024-12-26 09:00:00,2024-12-26 17:00:00,ÇUMRA İŞLETMESİ,37.5713333,32.7811767
KONYA,Güneysınır,26.12.2024,2024-12-26 09:30:00,2024-12-26 12:00:00,ÇUMRA İŞLETMESİ,37.2980654,32.7211413
KONYA,Karatay,26.12.2024,2024-12-26 09:00:00,2024-12-26 12:00:00,KARATAY-1 İŞLETMESİ,37.8710438,32.5030448
KONYA,Meram,26.12.2024,2024-12-26 08:30:00,2024-12-26 12:30:00,MERAM-1 İŞLETMESİ,37.8679527,32.4946514
NEVSEHIR,Derinkuyu,26.12.2024,2024-12-26 09:30:00,2024-12-26 17:30:00,NEVŞEHİR-1 İŞLETMESİ,38.3743882,34.7336187
NEVSEHIR,Derinkuyu,26.12.2024,2024-12-26 09:30:00,2024-12-26 17:30:00,NEVŞEHİR-1 İŞLETMESİ,38.3743882,34.7336187
NEVSEHIR,Nevşehir Merkez,26.12.2024,2024-12-26 09:00:00,2024-12-26 17:00:00,NEVŞEHİR-1 İŞLETMESİ,38.6250389,34.7150685
NEVSEHIR,Nevşehir Merkez,26.12.2024,2024-12-26 09:00:00,2024-12-26 17:00:00,NEVŞEHİR-1 İŞLETMESİ,38.6250389,34.7150685
NEVSEHIR,Nevşehir Merkez,26.12.2024,2024-12-26 12:00:00,2024-12-26 14:00:00,NEVŞEHİR-1 İŞLETMESİ,38.6250389,34.7150685
NEVSEHIR,Nevşehir Merkez,26.12.2024,2024-12-26 09:00:00,2024-12-26 17:00:00,NEVŞEHİR-1 İŞLETMESİ,38.6250389,34.7150685
NEVSEHIR,Avanos,26.12.2024,2024-12-26 10:00:00,2024-12-26 10:30:00,ÜRGÜP İŞLETMESİ,38.7187371,34.8468663
NEVSEHIR,Acıgöl,26.12.2024,2024-12-26 13:30:00,2024-12-26 17:30:00,NEVŞEHİR-1 İŞLETMESİ,38.5501551,34.508966
NIĞDE,Niğde Merkez,26.12.2024,2024-12-26 10:00:00,2024-12-26 15:00:00,NİĞDE-2 İŞLETMESİ,37.969849,34.6764495
NIĞDE,Niğde Merkez,26.12.2024,2024-12-26 10:00:00,2024-12-26 12:00:00,NİĞDE-1 İŞLETMESİ,37.969849,34.6764495
NIĞDE,Niğde Merkez,26.12.2024,2024-12-26 12:00:00,2024-12-26 14:00:00,NİĞDE-2 İŞLETMESİ,37.969849,34.6764495
NIĞDE,Niğde Merkez,26.12.2024,2024-12-26 10:00:00,2024-12-26 14:00:00,NİĞDE-2 İŞLETMESİ,37.969849,34.6764495
SAKARYA,Kaynarca,26.12.2024,2024-12-26 09:00:00,2024-12-26 17:00:00, DUDUKÖY KÖYÜ DUDUKÖY MAH. HATİPLER MAH. KARAÇALI KÖYÜ KARAÇALI MAH. KERTİL KÖYÜ KERTİL MAH. ORTA MAH. PINARDÜZÜ KÖYÜ PINARDÜZÜ MAH. TOPÇU KÖYÜ TOPÇU MAH. UGURLU KÖYÜ UGURLU MAH. UĞURLU MAH.,41.0340469,30.3055351
SAKARYA,Kaynarca,26.12.2024,2024-12-26 09:00:00,2024-12-26 17:00:00, UGURLU KÖYÜ UGURLU MAH. UĞURLU KÖYÜ UĞURLU MAH.,41.0340469,30.3055351
SAKARYA,Sapanca,26.12.2024,2024-12-26 09:00:00,2024-12-26 17:00:00, AKÇAY KÖYÜ AKÇAY MAH. FEVZIYE KÖYÜ FEVZIYE MAH. FEVZİYE KÖYÜ FEVZİYE MAH. MEMNUNIYE KÖYÜ SÜKRIYE KÖYÜ SÜKRIYE MAH. ŞÜKRİYE KÖYÜ ŞÜKRİYE MAH.,40.6916134,30.2673835
SIVAS,Divriği,26.12.2024,2024-12-26 09:00:00,2024-12-26 17:00:00,DİVRİĞİ,39.3713764,38.1178512
SIVAS,Yıldızeli,26.12.2024,2024-12-26 13:00:00,2024-12-26 17:30:00,YILDIZELİ,39.8667215,36.6016346
SIVAS,Yıldızeli,26.12.2024,2024-12-26 09:30:00,2024-12-26 13:00:00,YILDIZELİ,39.8667215,36.6016346
SIVAS,Gemerek,26.12.2024,2024-12-26 13:00:00,2024-12-26 15:30:00,GEMEREK,39.1831222,36.0711044
SIVAS,Merkez,26.12.2024,2024-12-26 11:00:00,2024-12-26 13:30:00,MERKEZ,39.79126,36.381214
SIVAS,Merkez,26.12.2024,2024-12-26 13:00:00,2024-12-26 15:30:00,MERKEZ,39.79126,36.381214
SIVAS,Merkez,26.12.2024,2024-12-26 14:30:00,2024-12-26 17:00:00,MERKEZ,39.79126,36.381214
SIVAS,Merkez,26.12.2024,2024-12-26 14:00:00,2024-12-26 16:00:00,MERKEZ,39.79126,36.381214
SIVAS,Şarkışla,26.12.2024,2024-12-26 15:00:00,2024-12-26 17:30:00,ŞARKIŞLA,39.3504952,36.4097977
SIVAS,Suşehri,26.12.2024,2024-12-26 12:00:00,2024-12-26 14:00:00,SUŞEHRİ,40.1627343,38.0855664
TOKAT,Reşadiye,26.12.2024,2024-12-26 09:00:00,2024-12-26 15:00:00,REŞADİYE,40.3920693,37.3383223
TOKAT,Turhal,26.12.2024,2024-12-26 00:00:00,2024-12-26 02:00:00,TURHAL,40.3868287,36.0838319
TOKAT,Tokat Merkez,26.12.2024,2024-12-26 14:00:00,2024-12-26 14:30:00,MERKEZ,40.3233534,36.552162
TOKAT,Tokat Merkez,26.12.2024,2024-12-26 09:30:00,2024-12-26 10:00:00,MERKEZ,40.3233534,36.552162
TOKAT,Tokat Merkez,26.12.2024,2024-12-26 11:00:00,2024-12-26 11:30:00,MERKEZ,40.3233534,36.552162
TOKAT,Tokat Merkez,26.12.2024,2024-12-26 13:00:00,2024-12-26 13:30:00,MERKEZ,40.3233534,36.552162
TOKAT,Tokat Merkez,26.12.2024,2024-12-26 10:00:00,2024-12-26 10:30:00,MERKEZ,40.3233534,36.552162
TOKAT,Tokat Merkez,26.12.2024,2024-12-26 09:00:00,2024-12-26 09:30:00,MERKEZ,40.3233534,36.552162
TOKAT,Tokat Merkez,26.12.2024,2024-12-26 08:30:00,2024-12-26 09:00:00,MERKEZ,40.3233534,36.552162
TOKAT,Tokat Merkez,26.12.2024,2024-12-26 13:00:00,2024-12-26 13:30:00,MERKEZ,40.3233534,36.552162
TOKAT,Tokat Merkez,26.12.2024,2024-12-26 14:00:00,2024-12-26 14:30:00,MERKEZ,40.3233534,36.552162
TOKAT,Tokat Merkez,26.12.2024,2024-12-26 14:30:00,2024-12-26 15:00:00,MERKEZ,40.3233534,36.552162
TOKAT,Tokat Merkez,26.12.2024,2024-12-26 10:30:00,2024-12-26 11:00:00,MERKEZ,40.3233534,36.552162
TOKAT,Tokat Merkez,26.12.2024,2024-12-26 11:00:00,2024-12-26 12:00:00,MERKEZ,40.3233534,36.552162
TOKAT,Tokat Merkez,26.12.2024,2024-12-26 08:30:00,2024-12-26 09:00:00,MERKEZ,40.3233534,36.552162
TOKAT,Tokat Merkez,26.12.2024,2024-12-26 09:00:00,2024-12-26 09:30:00,MERKEZ,40.3233534,36.552162
TOKAT,Tokat Merkez,26.12.2024,2024-12-26 09:30:00,2024-12-26 10:00:00,MERKEZ,40.3233534,36.552162
TOKAT,Tokat Merkez,26.12.2024,2024-12-26 11:30:00,2024-12-26 12:00:00,MERKEZ,40.3233534,36.552162
TOKAT,Tokat Merkez,26.12.2024,2024-12-26 10:00:00,2024-12-26 10:30:00,MERKEZ,40.3233534,36.552162
TOKAT,Turhal,26.12.2024,2024-12-26 00:00:00,2024-12-26 02:00:00,TURHAL,40.3868287,36.0838319
YALOVA,Altınova,26.12.2024,2024-12-26 13:30:00,2024-12-26 18:30:00,ALTINOVA,40.6963485,29.5099438
YALOVA,Yalova Merkez,26.12.2024,2024-12-26 14:00:00,2024-12-26 15:00:00,MERKEZ,40.6582529,29.2699916
YALOVA,Çınarcık,26.12.2024,2024-12-26 11:30:00,2024-12-26 12:30:00,ÇINARCIK,40.6434005,29.1193017
YOZGAT,Sarıkaya,26.12.2024,2024-12-26 10:00:00,2024-12-26 11:00:00,SARIKAYA,39.4935902,35.3755098
YOZGAT,Sarıkaya,26.12.2024,2024-12-26 11:00:00,2024-12-26 16:00:00,SARIKAYA,39.4935902,35.3755098
YOZGAT,Akdağmadeni,26.12.2024,2024-12-26 09:00:00,2024-12-26 17:00:00,AKDAĞMADENİ,39.6612219,35.8805457
YOZGAT,Sorgun,26.12.2024,2024-12-26 09:00:00,2024-12-26 12:00:00,SORGUN,39.8098675,35.1854305
YOZGAT,Boğazlıyan,26.12.2024,2024-12-26 13:00:00,2024-12-26 14:00:00,BOĞAZLIYAN,39.191259,35.2462844
YOZGAT,Yozgat Merkez,26.12.2024,2024-12-26 08:30:00,2024-12-26 17:30:00,MERKEZ,,
