Şehir,İlçe Adı,Tarih,Kesinti Sayısı,Latitude,Longitude
ADANA,Karaisalı,27.09.2026,1,,
ADANA,Karataş,27.09.2026,1,,
ADANA,Pozantı,27.09.2026,1,,
ADANA,Sarıçam,27.09.2026,6,,
ADANA,Seyhan,27.09.2026,4,,
ADANA,Yüreğir,27.09.2026,4,,
ADIYAMAN,Adıyaman Merkez,27.09.2026,11,,
ADIYAMAN,Besni,27.09.2026,4,,
ADIYAMAN,Gerger,27.09.2026,1,,
ADIYAMAN,Gölbaşı,27.09.2026,1,,
ADIYAMAN,Kahta,27.09.2026,6,,
ADIYAMAN,Samsat,27.09.2026,1,,
ADIYAMAN,Sincik,27.09.2026,1,,
ANKARA,Akyurt,27.09.2026,8,,
ANKARA,Altındağ,27.09.2026,9,,
ANKARA,Ayaş,27.09.2026,6,,
ANKARA,Bala,27.09.2026,6,,
ANKARA,Beypazarı,27.09.2026,6,,
ANKARA,Etimesgut,27.09.2026,8,,
ANKARA,Evren,27.09.2026,1,,
ANKARA,Gölbaşı,27.09.2026,23,,
ANKARA,Güdül,27.09.2026,4,,
ANKARA,Haymana,27.09.2026,8,,
ANKARA,Kalecik,27.09.2026,4,,
ANKARA,Kazan,27.09.2026,2,,
ANKARA,Mamak,27.09.2026,9,,
ANKARA,Nallıhan,27.09.2026,5,,
ANKARA,Polatlı,27.09.2026,10,,
ANKARA,Pursaklar,27.09.2026,1,,
ANKARA,Sincan,27.09.2026,8,,
ANKARA,Çamlıdere,27.09.2026,4,,
ANKARA,Çankaya,27.09.2026,10,,
ANKARA,Çubuk,27.09.2026,8,,
ANKARA,Şereflikoçhisar,27.09.2026,9,,
ANTALYA,Aksu,27.09.2026,9,,
ANTALYA,Alanya,27.09.2026,23,,
ANTALYA,Demre,27.09.2026,3,,
ANTALYA,Döşemealtı,27.09.2026,18,,
ANTALYA,Elmalı,27.09.2026,4,,
ANTALYA,Finike,27.09.2026,13,,
ANTALYA,Gazipaşa,27.09.2026,3,,
ANTALYA,Gündoğmuş,27.09.2026,2,,
ANTALYA,Kaş,27.09.2026,17,,
ANTALYA,Kemer,27.09.2026,2,,
ANTALYA,Kepez,27.09.2026,8,,
ANTALYA,Konyaaltı,27.09.2026,5,,
ANTALYA,Korkuteli,27.09.2026,5,,
ANTALYA,Kumluca,27.09.2026,9,,
ANTALYA,Manavgat,27.09.2026,17,,
ANTALYA,Muratpaşa,27.09.2026,20,,
ANTALYA,Serik,27.09.2026,15,,
ANTALYA,İbradı,27.09.2026,1,,
BALIKESIR,Ayvalık,27.09.2026,4,,
BALIKESIR,Balya,27.09.2026,8,,
BALIKESIR,Balıkesir Merkez,27.09.2026,16,,
BALIKESIR,Bandırma,27.09.2026,10,,
BALIKESIR,Bigadiç,27.09.2026,11,,
BALIKESIR,Burhaniye,27.09.2026,1,,
BALIKESIR,Dursunbey,27.09.2026,5,,
BALIKESIR,Edremit,27.09.2026,11,,
BALIKESIR,Erdek,27.09.2026,1,,
BALIKESIR,Gömeç,27.09.2026,9,,
BALIKESIR,Havran,27.09.2026,3,,
BALIKESIR,Manyas,27.09.2026,2,,
BALIKESIR,Marmara,27.09.2026,1,,
BALIKESIR,Susurluk,27.09.2026,8,,
BALIKESIR,Sındırgı,27.09.2026,8,,
BALIKESIR,İvrindi,27.09.2026,3,,
BARTIN,Amasra,27.09.2026,4,,
BARTIN,Bartın Merkez,27.09.2026,13,,
BARTIN,Kurucaşile,27.09.2026,3,,
BARTIN,Ulus,27.09.2026,5,,
BURDUR,Bucak,27.09.2026,3,,
BURDUR,Burdur Merkez,27.09.2026,6,,
BURDUR,Gölhisar,27.09.2026,2,,
BURDUR,Karamanlı,27.09.2026,1,,
BURDUR,Tefenni,27.09.2026,1,,
BURDUR,Çavdır,27.09.2026,1,,
BURSA,Büyükorhan,27.09.2026,2,,
BURSA,Gemlik,27.09.2026,5,,
BURSA,Gürsu,27.09.2026,2,,
BURSA,Karacabey,27.09.2026,4,,
BURSA,Kestel,27.09.2026,2,,
BURSA,Mudanya,27.09.2026,12,,
BURSA,Mustafakemalpaşa,27.09.2026,4,,
BURSA,Nilüfer,27.09.2026,7,,
BURSA,Orhangazi,27.09.2026,3,,
BURSA,Osmangazi,27.09.2026,6,,
BURSA,Yenişehir,27.09.2026,3,,
BURSA,Yıldırım,27.09.2026,11,,
BURSA,İnegöl,27.09.2026,3,,
BURSA,İznik,27.09.2026,6,,
CANAKKALE,Ayvacık,27.09.2026,6,,
CANAKKALE,Biga,27.09.2026,18,,
CANAKKALE,Eceabat,27.09.2026,1,,
CANAKKALE,Ezine,27.09.2026,2,,
CANAKKALE,Gelibolu,27.09.2026,5,,
CANAKKALE,Lapseki,27.09.2026,1,,
CANAKKALE,Yenice,27.09.2026,14,,
CANAKKALE,Çan,27.09.2026,9,,
CANAKKALE,Çanakkale Merkez,27.09.2026,5,,
CANKIRI,Bayramören,27.09.2026,2,,
CANKIRI,Eldivan,27.09.2026,1,,
CANKIRI,Ilgaz,27.09.2026,1,,
CANKIRI,Kurşunlu,27.09.2026,1,,
CANKIRI,Kızılırmak,27.09.2026,1,,
CANKIRI,Orta,27.09.2026,1,,
CANKIRI,Çankırı Merkez,27.09.2026,6,,
CANKIRI,Çerkeş,27.09.2026,1,,
CANKIRI,Şabanözü,27.09.2026,2,,
GAZIANTEP,Araban,27.09.2026,4,,
GAZIANTEP,Karkamış,27.09.2026,3,,
GAZIANTEP,Nizip,27.09.2026,3,,
GAZIANTEP,Oğuzeli,27.09.2026,15,,
GAZIANTEP,Yavuzeli,27.09.2026,3,,
GAZIANTEP,Şahinbey,27.09.2026,26,,
GAZIANTEP,Şehitkamil,27.09.2026,30,,
HATAY,Altınözü,27.09.2026,7,,
HATAY,Antakya,27.09.2026,48,,
HATAY,Arsuz,27.09.2026,3,,
HATAY,Belen,27.09.2026,1,,
HATAY,Defne,27.09.2026,14,,
HATAY,Dörtyol,27.09.2026,1,,
HATAY,Hassa,27.09.2026,14,,
HATAY,Kumlu,27.09.2026,8,,
HATAY,Kırıkhan,27.09.2026,12,,
HATAY,Reyhanlı,27.09.2026,9,,
HATAY,Samandağ,27.09.2026,3,,
HATAY,Yayladağı,27.09.2026,6,,
HATAY,İskenderun,27.09.2026,1,,
ISPARTA,Aksu,27.09.2026,3,,
ISPARTA,Eğirdir,27.09.2026,3,,
ISPARTA,Gelendost,27.09.2026,1,,
ISPARTA,Gönen,27.09.2026,1,,
ISPARTA,Keçiborlu,27.09.2026,2,,
ISPARTA,Senirkent,27.09.2026,2,,
ISPARTA,Yalvaç,27.09.2026,3,,
ISPARTA,Şarkikaraağaç,27.09.2026,3,,
ISTANBUL,Arnavutköy,27.09.2026,8,,
ISTANBUL,Ataşehir,27.09.2026,3,,
ISTANBUL,Avcılar,27.09.2026,6,,
ISTANBUL,Bahçelievler,27.09.2026,9,,
ISTANBUL,Bakırköy,27.09.2026,5,,
ISTANBUL,Bayrampaşa,27.09.2026,2,,
ISTANBUL,Bağcılar,27.09.2026,7,,
ISTANBUL,Başakşehir,27.09.2026,4,,
ISTANBUL,Beykoz,27.09.2026,1,,
ISTANBUL,Beylikdüzü,27.09.2026,5,,
ISTANBUL,Beyoğlu,27.09.2026,9,,
ISTANBUL,Beşiktaş,27.09.2026,1,,
ISTANBUL,Büyükçekmece,27.09.2026,4,,
ISTANBUL,Esenler,27.09.2026,1,,
ISTANBUL,Esenyurt,27.09.2026,14,,
ISTANBUL,Eyüp,27.09.2026,4,,
ISTANBUL,Fatih,27.09.2026,11,,
ISTANBUL,Gaziosmanpaşa,27.09.2026,4,,
ISTANBUL,Güngören,27.09.2026,1,,
ISTANBUL,Kadıköy,27.09.2026,5,,
ISTANBUL,Kartal,27.09.2026,11,,
ISTANBUL,Kağıthane,27.09.2026,7,,
ISTANBUL,Küçükçekmece,27.09.2026,11,,
ISTANBUL,Maltepe,27.09.2026,1,,
ISTANBUL,Pendik,27.09.2026,6,,
ISTANBUL,Sancaktepe,27.09.2026,6,,
ISTANBUL,Sarıyer,27.09.2026,6,,
ISTANBUL,Silivri,27.09.2026,14,,
ISTANBUL,Sultanbeyli,27.09.2026,2,,
ISTANBUL,Sultangazi,27.09.2026,13,,
ISTANBUL,Tuzla,27.09.2026,6,,
ISTANBUL,Zeytinburnu,27.09.2026,3,,
ISTANBUL,Çatalca,27.09.2026,1,,
ISTANBUL,Çekmeköy,27.09.2026,8,,
ISTANBUL,Ümraniye,27.09.2026,8,,
ISTANBUL,Üsküdar,27.09.2026,4,,
ISTANBUL,Şile,27.09.2026,4,,
ISTANBUL,Şişli,27.09.2026,5,,
KAHRAMANMARAS,Afşin,27.09.2026,6,,
KAHRAMANMARAS,Andırın,27.09.2026,2,,
KAHRAMANMARAS,Dulkadiroğlu,27.09.2026,6,,
KAHRAMANMARAS,Elbistan,27.09.2026,6,,
KAHRAMANMARAS,Göksun,27.09.2026,3,,
KAHRAMANMARAS,Onikişubat,27.09.2026,16,,
KAHRAMANMARAS,Pazarcık,27.09.2026,6,,
KAHRAMANMARAS,Türkoğlu,27.09.2026,2,,
KAHRAMANMARAS,Çağlayancerit,27.09.2026,4,,
KARABÜK,Eflani,27.09.2026,6,,
KARABÜK,Eskipazar,27.09.2026,4,,
KARABÜK,Karabük Merkez,27.09.2026,6,,
KARABÜK,Safranbolu,27.09.2026,3,,
KARABÜK,Yenice,27.09.2026,2,,
KASTAMONU,Araç,27.09.2026,4,,
KASTAMONU,Azdavay,27.09.2026,2,,
KASTAMONU,Cide,27.09.2026,1,,
KASTAMONU,Daday,27.09.2026,1,,
KASTAMONU,Devrekani,27.09.2026,4,,
KASTAMONU,Doğanyurt,27.09.2026,2,,
KASTAMONU,Kastamonu Merkez,27.09.2026,8,,
KASTAMONU,Pınarbaşı,27.09.2026,3,,
KASTAMONU,Taşköprü,27.09.2026,4,,
KASTAMONU,Tosya,27.09.2026,5,,
KASTAMONU,Çatalzeytin,27.09.2026,1,,
KASTAMONU,İnebolu,27.09.2026,4,,
KILIS,Elbeyli,27.09.2026,2,,
KILIS,Kilis Merkez,27.09.2026,4,,
KILIS,Musabeyli,27.09.2026,1,,
KILIS,Polateli,27.09.2026,3,,
KIRIKKALE,Bahşili,27.09.2026,1,,
KIRIKKALE,Balışeyh,27.09.2026,3,,
KIRIKKALE,Karakeçili,27.09.2026,1,,
KIRIKKALE,Keskin,27.09.2026,2,,
KIRIKKALE,Kırıkkale Merkez,27.09.2026,12,,
KIRIKKALE,Sulakyurt,27.09.2026,1,,
KIRIKKALE,Yahşihan,27.09.2026,3,,
KIRIKKALE,Çelebi,27.09.2026,1,,
MERSIN,Akdeniz,27.09.2026,12,,
MERSIN,Anamur,27.09.2026,1,,
MERSIN,Erdemli,27.09.2026,4,,
MERSIN,Mezitli,27.09.2026,5,,
MERSIN,Mut,27.09.2026,2,,
MERSIN,Silifke,27.09.2026,10,,
MERSIN,Tarsus,27.09.2026,9,,
MERSIN,Toroslar,27.09.2026,4,,
MERSIN,Yenişehir,27.09.2026,4,,
OSMANIYE,Osmaniye Merkez,27.09.2026,12,,
OSMANIYE,Toprakkale,27.09.2026,3,,
SIVAS,Akıncılar,27.09.2026,2,,
SIVAS,Divriği,27.09.2026,1,,
SIVAS,Doğanşar,27.09.2026,2,,
SIVAS,Gemerek,27.09.2026,2,,
SIVAS,Gölova,27.09.2026,1,,
SIVAS,Gürün,27.09.2026,5,,
SIVAS,Hafik,27.09.2026,4,,
SIVAS,Kangal,27.09.2026,7,,
SIVAS,Koyulhisar,27.09.2026,3,,
SIVAS,Merkez,27.09.2026,15,,
SIVAS,Suşehri,27.09.2026,9,,
SIVAS,Ulaş,27.09.2026,1,,
SIVAS,Yıldızeli,27.09.2026,25,,
SIVAS,Zara,27.09.2026,11,,
SIVAS,İmranlı,27.09.2026,8,,
SIVAS,Şarkışla,27.09.2026,24,,
TOKAT,Almus,27.09.2026,6,,
TOKAT,Erbaa,27.09.2026,6,,
TOKAT,Niksar,27.09.2026,5,,
TOKAT,Reşadiye,27.09.2026,13,,
TOKAT,Sulusaray,27.09.2026,1,,
TOKAT,Tokat Merkez,27.09.2026,7,,
TOKAT,Turhal,27.09.2026,1,,
TOKAT,Zile,27.09.2026,5,,
YALOVA,Altınova,27.09.2026,1,,
YALOVA,Termal,27.09.2026,3,,
YALOVA,Yalova Merkez,27.09.2026,2,,
YALOVA,Çiftlikköy,27.09.2026,1,,
YALOVA,Çınarcık,27.09.2026,1,,
YOZGAT,Akdağmadeni,27.09.2026,6,,
YOZGAT,Boğazlıyan,27.09.2026,1,,
YOZGAT,Kadışehri,27.09.2026,7,,
YOZGAT,Sarıkaya,27.09.2026,1,,
YOZGAT,Sorgun,27.09.2026,1,,
YOZGAT,Yerköy,27.09.2026,3,,
YOZGAT,Yozgat Merkez,27.09.2026,1,,
YOZGAT,Çandır,27.09.2026,2,,
YOZGAT,Çekerek,27.09.2026,2,,
YOZGAT,Şefaatli,27.09.2026,3,,
ZONGULDAK,Devrek,27.09.2026,3,,
ZONGULDAK,Ereğli,27.09.2026,10,,
ZONGULDAK,Gökçebey,27.09.2026,1,,
ZONGULDAK,Kilimli,27.09.2026,2,,
ZONGULDAK,Kozlu,27.09.2026,5,,
ZONGULDAK,Zonguldak Merkez,27.09.2026,6,,
ZONGULDAK,Çaycuma,27.09.2026,6,,
